--
-- PostgreSQL database dump
--

\restrict bKuq0FiL5JYrBqtBlgplQBI5Zryu8BYBq265uejJ8YCwq8vDAHBPfOJhGfNm7gj

-- Dumped from database version 18.3
-- Dumped by pg_dump version 18.3

-- Started on 2026-05-08 20:38:48

SET statement_timeout = 0;
SET lock_timeout = 0;
SET idle_in_transaction_session_timeout = 0;
SET transaction_timeout = 0;
SET client_encoding = 'UTF8';
SET standard_conforming_strings = on;
SELECT pg_catalog.set_config('search_path', '', false);
SET check_function_bodies = false;
SET xmloption = content;
SET client_min_messages = warning;
SET row_security = off;

SET default_tablespace = '';

SET default_table_access_method = heap;

--
-- TOC entry 222 (class 1259 OID 16399)
-- Name: appointments; Type: TABLE; Schema: public; Owner: postgres
--

CREATE TABLE public.appointments (
    id bigint NOT NULL,
    appointment_time timestamp(6) without time zone,
    notes character varying(255),
    status character varying(255),
    doctor_id bigint,
    patient_id bigint
);


ALTER TABLE public.appointments OWNER TO postgres;

--
-- TOC entry 221 (class 1259 OID 16398)
-- Name: appointments_id_seq; Type: SEQUENCE; Schema: public; Owner: postgres
--

ALTER TABLE public.appointments ALTER COLUMN id ADD GENERATED BY DEFAULT AS IDENTITY (
    SEQUENCE NAME public.appointments_id_seq
    START WITH 1
    INCREMENT BY 1
    NO MINVALUE
    NO MAXVALUE
    CACHE 1
);


--
-- TOC entry 224 (class 1259 OID 16408)
-- Name: doctors; Type: TABLE; Schema: public; Owner: postgres
--

CREATE TABLE public.doctors (
    id bigint NOT NULL,
    name character varying(255),
    phone character varying(255),
    specialization character varying(255),
    active boolean DEFAULT true
);


ALTER TABLE public.doctors OWNER TO postgres;

--
-- TOC entry 223 (class 1259 OID 16407)
-- Name: doctors_id_seq; Type: SEQUENCE; Schema: public; Owner: postgres
--

ALTER TABLE public.doctors ALTER COLUMN id ADD GENERATED BY DEFAULT AS IDENTITY (
    SEQUENCE NAME public.doctors_id_seq
    START WITH 1
    INCREMENT BY 1
    NO MINVALUE
    NO MAXVALUE
    CACHE 1
);


--
-- TOC entry 220 (class 1259 OID 16390)
-- Name: patients; Type: TABLE; Schema: public; Owner: postgres
--

CREATE TABLE public.patients (
    id bigint NOT NULL,
    dob date,
    gender character varying(255),
    name character varying(255),
    phone character varying(255),
    active boolean DEFAULT true
);


ALTER TABLE public.patients OWNER TO postgres;

--
-- TOC entry 219 (class 1259 OID 16389)
-- Name: patients_id_seq; Type: SEQUENCE; Schema: public; Owner: postgres
--

ALTER TABLE public.patients ALTER COLUMN id ADD GENERATED BY DEFAULT AS IDENTITY (
    SEQUENCE NAME public.patients_id_seq
    START WITH 1
    INCREMENT BY 1
    NO MINVALUE
    NO MAXVALUE
    CACHE 1
);


--
-- TOC entry 5026 (class 0 OID 16399)
-- Dependencies: 222
-- Data for Name: appointments; Type: TABLE DATA; Schema: public; Owner: postgres
--

COPY public.appointments (id, appointment_time, notes, status, doctor_id, patient_id) FROM stdin;
15	2026-05-08 06:00:00	\N	CANCELLED	1	1
16	2026-05-08 08:30:00	\N	COMPLETED	5	9
17	2026-05-15 20:30:00	\N	CANCELLED	7	9
18	2026-05-09 20:30:00	\N	BOOKED	1	1
19	2026-05-08 17:30:00	\N	MISSED	5	6
\.


--
-- TOC entry 5028 (class 0 OID 16408)
-- Dependencies: 224
-- Data for Name: doctors; Type: TABLE DATA; Schema: public; Owner: postgres
--

COPY public.doctors (id, name, phone, specialization, active) FROM stdin;
1	Dr Smith	9999999999	Cardiologist	t
5	Dr. Jane 	5551001002	Dermatologist	t
7	Dr. Olivia	5551001008	ENT Specialist	t
8	Dr. Clark	5551001009	General Physician	f
6	Dr. Sarah	Gynecologist	5551001006	f
\.


--
-- TOC entry 5024 (class 0 OID 16390)
-- Dependencies: 220
-- Data for Name: patients; Type: TABLE DATA; Schema: public; Owner: postgres
--

COPY public.patients (id, dob, gender, name, phone, active) FROM stdin;
1	\N	Male	John Doe	9876543210	t
5	\N	Female	Sarah Parker	5552001004	t
6	\N	Male	David Miller	5552001005	t
7	\N	Female	Chloe Hall	5552001012	t
9	\N	Female	Zoe Mitchell	5552001020	t
11	\N	Male	Benjamin Lee	5552001011	f
10	\N	Female	Mia King	5552001014	f
8	\N	Male	Noah Turner	5552001017	f
\.


--
-- TOC entry 5034 (class 0 OID 0)
-- Dependencies: 221
-- Name: appointments_id_seq; Type: SEQUENCE SET; Schema: public; Owner: postgres
--

SELECT pg_catalog.setval('public.appointments_id_seq', 19, true);


--
-- TOC entry 5035 (class 0 OID 0)
-- Dependencies: 223
-- Name: doctors_id_seq; Type: SEQUENCE SET; Schema: public; Owner: postgres
--

SELECT pg_catalog.setval('public.doctors_id_seq', 8, true);


--
-- TOC entry 5036 (class 0 OID 0)
-- Dependencies: 219
-- Name: patients_id_seq; Type: SEQUENCE SET; Schema: public; Owner: postgres
--

SELECT pg_catalog.setval('public.patients_id_seq', 11, true);


--
-- TOC entry 4871 (class 2606 OID 16406)
-- Name: appointments appointments_pkey; Type: CONSTRAINT; Schema: public; Owner: postgres
--

ALTER TABLE ONLY public.appointments
    ADD CONSTRAINT appointments_pkey PRIMARY KEY (id);


--
-- TOC entry 4873 (class 2606 OID 16415)
-- Name: doctors doctors_pkey; Type: CONSTRAINT; Schema: public; Owner: postgres
--

ALTER TABLE ONLY public.doctors
    ADD CONSTRAINT doctors_pkey PRIMARY KEY (id);


--
-- TOC entry 4869 (class 2606 OID 16397)
-- Name: patients patients_pkey; Type: CONSTRAINT; Schema: public; Owner: postgres
--

ALTER TABLE ONLY public.patients
    ADD CONSTRAINT patients_pkey PRIMARY KEY (id);


--
-- TOC entry 4874 (class 2606 OID 16421)
-- Name: appointments fk8exap5wmg8kmb1g1rx3by21yt; Type: FK CONSTRAINT; Schema: public; Owner: postgres
--

ALTER TABLE ONLY public.appointments
    ADD CONSTRAINT fk8exap5wmg8kmb1g1rx3by21yt FOREIGN KEY (patient_id) REFERENCES public.patients(id);


--
-- TOC entry 4875 (class 2606 OID 16416)
-- Name: appointments fkmujeo4tymoo98cmf7uj3vsv76; Type: FK CONSTRAINT; Schema: public; Owner: postgres
--

ALTER TABLE ONLY public.appointments
    ADD CONSTRAINT fkmujeo4tymoo98cmf7uj3vsv76 FOREIGN KEY (doctor_id) REFERENCES public.doctors(id);


-- Completed on 2026-05-08 20:38:48

--
-- PostgreSQL database dump complete
--

\unrestrict bKuq0FiL5JYrBqtBlgplQBI5Zryu8BYBq265uejJ8YCwq8vDAHBPfOJhGfNm7gj

